CREATE DATABASE ferrer_db;

USE ferrer_db;

CREATE TABLE DEPARTMENT (
    deptno CHAR(3) NOT NULL PRIMARY KEY,
    deptname VARCHAR(40) NOT NULL,
    mgrno CHAR(6),
    admrdept CHAR(3) NOT NULL,
    location VARCHAR(50)
);

CREATE TABLE EMPLOYEE (
    empno CHAR(6) NOT NULL PRIMARY KEY,
    firstname VARCHAR(30) NOT NULL,
    midinit CHAR(1),
    lastname VARCHAR(50) NOT NULL,
    workdept CHAR(3) NOT NULL,
    phoneno CHAR(11),
    hiredate DATE,
    job CHAR(15),
    edlevel SMALLINT CHECK(edlevel > 10 AND edlevel < 50),
    sex CHAR(1) CHECK(sex IN('M','m','F','f')),
    birthdate DATE,
    salary DECIMAL(10,2) CHECK(salary > 0.00),
    bonus DECIMAL(8,2) CHECK(bonus >= 0.00),
    comm DECIMAL(8,2) CHECK(comm >= 0.00)
);

CREATE TABLE PROJECT (
    projno CHAR(6) NOT NULL PRIMARY KEY,
    projname VARCHAR(30) NOT NULL,
    deptno CHAR(3) NOT NULL,
    respemp CHAR(6) NOT NULL,
    prstaff DECIMAL(5,2),
    prstdate DATE,
    prendate DATE,
    majproj CHAR(6)
);

CREATE TABLE EMP_ACT (
    empno CHAR(6) NOT NULL,
    projno CHAR(6) NOT NULL,
    actno SMALLINT NOT NULL,
    emptime DECIMAL(5,2),
    emstdate DATE,
    emendate DATE
);

CREATE TABLE CUSTOMER (
    custno INT NOT NULL PRIMARY KEY,
    custname VARCHAR(40) NOT NULL,
    custaddr VARCHAR(50),
    contactno CHAR(11),
    company VARCHAR(50),
    cusproj CHAR(6) NOT NULL
);

INSERT INTO DEPARTMENT(deptno,deptname,mgrno,admrdept,location) VALUES
    ('A00','SPIFFY COMPUTER SERVICE DIV.','000010','A00','1ST FLR. ADMIN BLDG.'),
    ('B01','PLANNING','000020','A00','2ND FLR. ADMIN BLDG.'),
    ('C01','INFORMATION CENTER','000030','A00','GRND. FLR. MAIN BLDG.'),
    ('D01','DEVELOPMENT CENTER',NULL,'A00','1ST FLR. MAIN BLDG.'),
    ('D11','MANUFACTURING SYSTEMS','000060','D01','GRND, 1ST FLR. PRODUCTION BLDG.'),
    ('D21','ADMINISTRATION SYSTEMS','000070','D01','GRND. FLR ADMIN BLDG.'),
    ('E01','SUPPORT SERVICES','000050','A00','2ND FLR. MAIN BLDG.'),
    ('E11','OPERATIONS','000090','E01','2ND FLR. PRODUCTION BLDG.'),
    ('E21','SOFTWARE SUPPORT','000100','E01','3RD FLR. PRODUCTION BLDG.'),
    ('F22','BRANCH OFFICE 1',NULL,'E01','NORTH OFFICE'),
    ('G22','BRANCH OFFICE 2',NULL,'E11','SOUTH OFFICE'),
    ('H22','BRANCH OFFICE 3',NULL,'E11','EAST OFFICE'),
    ('I22','BRANCH OFFICE 4',NULL,'E21','WEST OFFICE'),
    ('J22','BRANCH OFFICE 5',NULL,'E21','NORTH EAST OFFICE'),
    ('K22','BRANCH OFFICE 6',NULL,'E21','SOUTH WEST OFFICE');
    
INSERT INTO EMPLOYEE (empno, firstname, midinit, lastname, workdept, phoneno, hiredate, job, edlevel, sex, birthdate, salary, bonus, comm) VALUES
('000010', 'CHRISTINE', 'I', 'HAAS', 'A00', '3978', '1995-01-01', 'PRES', 18, 'F', '1963-08-24', 152750.00, 1000.00, 4220.00),
('000020', 'MICHAEL', 'L', 'THOMPSON', 'B01', '3476', '2003-10-10', 'MANAGER', 18, 'M', '1978-02-02', 94250.00, 800.00, 3300.00),
('000030', 'SALLY', 'A', 'KWAN', 'C01', '4738', '1995-04-05', 'MANAGER', 20, 'F', '1971-05-11', 98250.00, 800.00, 3060.00),
('000050', 'JOHN', 'B', 'GEYER', 'E01', '6789', '1999-08-17', 'MANAGER', 16, 'M', '1955-09-15', 80175.00, 800.00, 3214.00),
('000060', 'IRVING', 'F', 'STERN', 'D11', '6423', '2003-09-14', 'MANAGER', 16, 'M', '1975-07-07', 72250.00, 500.00, 2580.00),
('000070', 'EVA', 'D', 'PULASKI', 'D21', '7831', '2005-09-30', 'MANAGER', 16, 'F', '1985-05-26', 96170.00, 500.00, 2890.00),
('000090', 'EILEEN', 'W', 'HENDERSON', 'E11', '5498', '2000-08-15', 'SALESREP', 16, 'F', '1971-05-15', 89750.00, 500.00, 2380.00),
('000100', 'THEODORE', 'Q', 'SPENSER', 'A00', '2167', '2000-06-19', 'CLERK', 14, 'M', '1980-12-18', 86150.00, 500.00, 3720.00),
('000110', 'VINCENZO', 'G', 'LUCCHESSI', 'A00', '3490', '1988-05-16', 'ANALYST', 19, 'M', '1959-11-05', 66500.00, 500.00, 3720.00),
('000120', 'SEAN', '', 'O''CONNELL', 'C01', '2167', '1993-12-05', 'CLERK', 14, 'M', '1972-10-18', 49250.00, 600.00, 2340.00),
('000130', 'HOLGER', '', 'QUINTANA', 'C01', '1799', '2005-12-15', 'DESIGNER', 16, 'M', '1975-03-02', 73800.00, NULL, 1980.00),
('000140', 'HEATHER', 'A', 'NICHOLLS', 'C01', '1799', '1999-12-15', 'DESIGNER', 18, 'F', '1977-12-19', 68420.00, 600.00, 2217.00),
('000150', 'BRUCE', '', 'ADAMSON', 'D11', '4510', '1992-02-12', 'DESIGNER', 16, 'M', '1977-05-17', 55280.00, 500.00, 2022.00),
('000160', 'ELIZABETH', 'R', 'PIANKA', 'D11', '3782', '1989-10-11', 'DESIGNER', 17, 'F', '1981-01-26', 62250.00, 400.00, 2100.00),
('000170', 'MASAO', 'J', 'YOSHIMURA', 'D11', '2890', '1992-06-17', 'DESIGNER', 16, 'M', '1982-06-25', 50450.00, 400.00, 1636.00),
('000180', 'MARTIN', 'J', 'SCOTTIF', 'D11', '2095', '2004-08-17', 'DESIGNER', 17, 'M', '1977-02-09', 57740.00, 600.00, 2217.00),
('000190', 'JAMES', 'B', 'WALKER', 'D11', '0667', '2004-07-25', 'DESIGNER', 16, 'M', '2003-02-23', 68270.00, 600.00, 1462.00),
('000200', 'DAVID', '', 'BROWN', 'D11', '4501', '1996-03-03', 'DESIGNER', 16, 'M', '1988-05-30', 42180.00, 400.00, 2774.00),
('000210', 'WILLIAM', '', 'JONES', 'D11', '2984', '1997-04-06', 'CLERK', 14, 'M', '1982-03-05', 42260.00, 400.00, 1890.00),
('000220', 'JENNIFER', 'K', 'LUTZ', 'D11', '0672', '1998-12-04', 'CLERK', 14, 'F', '1969-11-13', 49180.00, 300.00, 1534.00),
('000230', 'JAMES', 'J', 'JEFFERSON', 'D21', '0937', '1996-12-21', 'CLERK', 14, 'M', '2003-05-25', 37250.00, 500.00, 2190.00),
('000240', 'SALVATORE', 'M', 'MARINO', 'D21', '8404', '2002-10-10', 'CLERK', 12, 'M', '1978-07-09', 35780.00, 400.00, 1227.00),
('000250', 'DANIEL', 'S', 'SMITH', 'D21', '0961', '1998-10-13', 'CLERK', 12, 'M', '1962-04-21', 35900.00, 380.00, NULL),
('000260', 'SYRIL', 'P', 'JOHNSON', 'D21', '9001', '1999-03-09', 'OPERATOR', 12, 'F', '1971-07-18', 45370.00, 500.00, 2060.00),
('000270', 'SYRIL', 'L', 'PEREZ', 'E11', '9001', '1996-06-03', 'OPERATOR', 12, 'M', '1973-08-14', 46500.00, 1000.00, 4220.00),
('000280', 'PAUL', 'X', 'SCHNEIDER', 'E11', '8989', '2002-06-19', 'OPERATOR', 18, 'M', '1976-10-18', 39250.00, 600.00, 2340.00),
('000290', 'JOHN', 'R', 'PARKER', 'E11', '4502', '2002-06-13', 'OPERATOR', 16, 'M', '1981-01-15', 64680.00, 500.00, 1974.00),
('000300', 'PHILIP', 'K', 'SMITH', 'E11', '2095', '2006-06-19', 'OPERATOR', 17, 'M', '1978-03-19', 50840.00, 500.00, 2387.00),
('000310', 'MAUDE', 'F', 'SETRIGHT', 'E11', '3332', '1995-07-07', 'FIELDREP', 17, 'M', '1981-03-31', 37760.00, 600.00, 2217.00),
('000320', 'RAMAL', 'V', 'MEHIA', 'F21', '4531', '1997-08-17', 'FIELDREP', 16, 'F', '1966-03-28', 47250.00, 500.00, 2100.00),
('000330', 'WING', 'R', 'LIFF', 'F21', '5698', '1997-07-05', 'FIELDREP', 14, 'M', '1961-04-21', 35900.00, 380.00, NULL),
('000340', 'JASON', 'R', 'GOUNOT', 'F21', '5698', '1997-05-05', 'FIELDREP', 14, 'M', '1971-07-18', 45370.00, 500.00, 2030.00),
('200010', 'DIAN', 'J', 'HEMPMINGER', 'A00', '3978', '1997-05-05', 'SALESREP', 16, 'F', '1956-05-17', 31840.00, 500.00, 1907.00),
('200120', 'GREG', '', 'ORLANDO', 'A00', '2167', '2002-12-05', 'CLERK', 14, 'M', '1972-03-11', 45000.00, 500.00, 2030.00),
('200140', 'KIM', '', 'NATZ', 'A00', '6677', '2002-05-11', 'ANALYST', 18, 'F', '1976-02-11', 62000.00, 600.00, 2334.00),
('200170', 'KIYOSHI', '', 'YAMAMOTO', 'D11', '0900', '2002-08-10', 'DESIGNER', 16, 'M', '1981-01-05', 64860.00, 500.00, 1974.00),
('200220', 'REBA', 'K', 'JOHN', 'D11', '8990', '2001-12-03', 'DESIGNER', 17, 'F', '1978-03-19', 50840.00, 500.00, 2387.00),
('200240', 'ROBERT', 'R', 'MONTEVERDE', 'D21', '1111', '1994-12-05', 'CLERK', 17, 'M', '1981-03-31', 37760.00, 600.00, 2217.00),
('200280', 'OLTEIN', 'F', 'SCHWARTZ', 'E11', '3332', '1999-06-19', 'OPERATOR', 17, 'M', '1966-03-28', 47260.00, 500.00, 2100.00),
('200320', 'MICHELLE', 'F', 'SPRINGER', 'E11', '3332', '2005-07-07', 'OPERATOR', 14, 'F', '1961-04-21', 35900.00, 380.00, NULL),
('200340', 'HELENA', '', 'WONG', 'E21', '3332', '1997-07-05', 'FIELDREP', 14, 'F', '1971-07-18', 45370.00, 500.00, 2030.00),
('200360', 'ROY', 'R', 'ALONZO', 'F21', '5698', '1997-07-05', 'FIELDREP', 16, 'M', '1956-05-17', 31840.00, 500.00, 1907.00);

INSERT INTO PROJECT (projno, projname, deptno, respemp, prstaff, prstdate, prendate, majproj) VALUES
	('AD3100', 'ADMIN SERVICES', 'D01', '000010', 6.00, '2002-01-01', '2003-02-01', 'AD3100'),
	('AD3110', 'GENERAL ADMIN SYSTEMS', 'D21', '000070', 6.00, '2002-01-01', '2003-02-01', 'AD3110'),
	('AD3111', 'PAYROLL PROGRAMMING', 'D21', '000120', 1.00, '2002-01-01', '2003-02-01', 'AD3110'),
	('AD3112', 'PERSONNEL PROGRAMMING', 'D21', '000250', 2.00, '2002-01-01', '2003-02-01', 'AD3110'),
	('AD3113', 'ACCOUNT PROGRAMMING', 'D21', '000270', 2.00, '2002-01-01', '2003-02-01', 'AD3110'),
	('IF2000', 'QUERY SUPPORT', 'C01', '000030', 1.00, '2002-01-01', '2003-02-01', 'NULL'),
	('MA2100', 'USER EDUCATION', 'B01', '000010', 12.00, '2002-01-01', '2003-02-01', 'MA2100'),
	('MA2110', 'WELD LINE AUTOMATION', 'D01', '000060', 9.00, '2002-01-01', '1982-12-01', 'MA2110'),
	('MA2111', 'W L PROGRAMMING', 'D11', '000220', 2.00, '2002-01-01', '1982-12-01', 'MA2110'),
	('MA2112', 'W L ROBOT DESIGN', 'D11', '000150', 3.00, '2002-02-15', '1982-12-01', 'MA2110'),
	('MA2113', 'W L PROJ CONT PROGS', 'D11', '000280', 3.00, '2002-01-01', '2003-02-01', 'NULL'),
	('OP1000', 'OPERATION SUPPORT', 'E11', '000050', 6.00, '2002-01-01', '2003-02-01', 'OP1000'),
	('OP1010', 'OPERATION', 'E11', '000090', 5.00, '2002-01-01', '2003-02-01', 'NULL'),
	('OP2000', 'GEN SYSTEMS SERVICES', 'E01', '000050', 5.00, '2002-01-01', '2003-02-01', 'OP2000'),
	('OP2010', 'SYSTEMS SUPPORT', 'E21', '000100', 5.00, '2002-01-01', '2003-02-01', 'OP2010'),
	('OP2011', 'SCP SYSTEMS SUPPORT', 'E21', '000140', 1.00, '2002-01-01', '2003-02-01', 'OP2010'),
	('OP2012', 'APPLICATIONS SUPPORT', 'E21', '000330', 1.00, '2002-01-01', '2003-02-01', 'OP2010'),
	('OP2013', 'DB/DC SUPPORT', 'E21', '000340', 1.00, '2002-01-01', '2003-02-01', 'OP2010'),
	('PL2100', 'WELD LINE PLANNING', 'B01', '000020', 1.00, '2002-01-01', '2002-09-15', 'MA2100');
    
INSERT INTO EMP_ACT (EMPNO, PROJNO, ACTNO, EMPTIME, EMSTDATE, EMENDATE) VALUES
    ('000010', 'AD3100', 10, 0.50, '2002-01-01', '2002-07-01'),
    ('000070', 'AD3110', 10, 1.00, '2002-01-01', '2003-02-01'),
    ('000230', 'AD3111', 60, 1.00, '2002-01-01', '2002-04-15'),
    ('000230', 'AD3111', 60, 0.50, '2002-03-15', '2002-10-15'),
    ('000230', 'AD3111', 70, 0.50, '2002-04-15', '2002-10-15'),
    ('000230', 'AD3111', 80, 0.50, '2002-10-15', '2003-01-01'),
    ('000230', 'AD3111', 180, 0.50, '2002-02-15', '2002-09-15'),
    ('000240', 'AD3111', 70, 1.00, '2002-09-15', '2003-01-01'),
    ('000240', 'AD3111', 80, 1.00, '2002-01-01', '2002-02-01'),
    ('000250', 'AD3112', 60, 1.00, '2002-02-01', '2002-03-15'),
    ('000250', 'AD3112', 60, 0.50, '2002-06-01', '2003-02-01'),
    ('000250', 'AD3112', 60, 1.00, '2003-01-01', '2003-02-01'),
    ('000250', 'AD3112', 70, 0.50, '2002-02-01', '2002-03-15'),
    ('000250', 'AD3112', 70, 1.00, '2002-03-15', '2002-08-15'),
    ('000250', 'AD3112', 70, 0.25, '2002-08-15', '2002-10-15'),
    ('000250', 'AD3112', 80, 0.25, '2002-08-15', '2002-10-15'),
    ('000250', 'AD3112', 80, 0.25, '2002-10-15', '2002-12-01'),
    ('000250', 'AD3112', 180, 0.50, '2002-08-15', '2003-01-01'),
    ('000260', 'AD3113', 70, 0.50, '2002-06-15', '2002-07-01'),
    ('000260', 'AD3113', 70, 1.00, '2002-07-01', '2003-02-01'),
    ('000260', 'AD3113', 80, 1.00, '2002-01-01', '2002-03-01'),
    ('000260', 'AD3113', 80, 0.50, '2002-03-01', '2002-04-15'),
    ('000260', 'AD3113', 180, 0.50, '2002-03-01', '2002-06-01'),
    ('000260', 'AD3113', 180, 1.00, '2002-04-15', '2002-07-01'),
    ('000270', 'AD3113', 60, 0.50, '2002-04-01', '2002-09-01'),
    ('000270', 'AD3113', 60, 1.00, '2002-09-01', '2002-10-15'),
    ('000270', 'AD3113', 60, 0.25, '2002-09-01', '2002-10-15'),
    ('000270', 'AD3113', 60, 0.75, '2002-09-01', '2003-02-01'),
    ('000270', 'AD3113', 70, 1.00, '2002-10-15', '2003-02-01'),
    ('000270', 'AD3113', 80, 1.00, '2002-01-01', '2002-04-01'),
    ('000270', 'AD3113', 80, 0.50, '2002-03-01', '2003-01-01'),
    ('000030', 'IF1000', 10, 0.50, '2002-06-01', '2003-01-01'),
    ('000130', 'IF1000', 90, 1.00, '2002-01-01', '2003-01-01'),
    ('000130', 'IF1000', 100, 0.50, '2002-10-01', '2003-01-01'),
    ('000140', 'IF1000', 90, 0.50, '2002-10-01', '2003-01-01'),
    ('000140', 'IF2000', 10, 0.50, '2002-01-01', '2003-01-01'),
    ('000140', 'IF2000', 100, 1.00, '2002-01-01', '2003-01-01'),
    ('000140', 'IF2000', 100, 0.50, '2002-03-01', '2002-07-01'),
    ('000140', 'IF2000', 110, 0.50, '2002-03-01', '2002-07-01'),
    ('000140', 'IF2000', 110, 0.50, '2002-10-01', '2003-01-01'),
    ('000010', 'MA2100', 10, 0.50, '2002-01-01', '2002-11-01'),
    ('000110', 'MA2100', 20, 1.00, '2002-01-01', '2003-03-01'),
    ('000010', 'MA2110', 10, 1.00, '2002-01-01', '2003-02-01'),
    ('000200', 'MA2111', 50, 1.00, '2002-01-01', '2002-06-15'),
    ('000200', 'MA2111', 60, 1.00, '2002-06-15', '2003-02-01'),
    ('000220', 'MA2111', 40, 1.00, '2002-01-01', '2002-07-15'),
    ('000220', 'MA2111', 60, 1.00, '2002-01-01', '2003-02-01'),
    ('000150', 'MA2112', 180, 1.00, '2002-07-15', '2003-06-01'),
    ('000150', 'MA2112', 60, 1.00, '2002-01-01', '2003-02-01'),
    ('000170', 'MA2112', 60, 1.00, '2002-06-01', '2002-10-01'),
    ('000170', 'MA2112', 70, 1.00, '2002-01-01', '2003-10-01'),
    ('000190', 'MA2112', 70, 1.00, '2002-10-01', '2003-02-01'),
    ('000190', 'MA2112', 80, 1.00, '2002-07-15', '2003-02-01'),
    ('000160', 'MA2113', 60, 1.00, '2002-01-01', '2002-06-15'),
    ('000170', 'MA2113', 80, 1.00, '2002-04-01', '2003-02-01'),
    ('000180', 'MA2113', 70, 1.00, '2002-10-15', '2003-02-01'),
    ('000210', 'MA2113', 80, 0.50, '2002-10-01', '2003-02-01'),
    ('000050', 'OP1000', 10, 0.25, '2002-01-01', '2003-02-01'),
    ('000090', 'OP1010', 10, 1.00, '2002-01-01', '2003-02-01'),
    ('000280', 'OP1010', 130, 1.00, '2002-02-01', '2003-02-01'),
    ('000290', 'OP1010', 130, 1.00, '2002-01-01', '2003-02-01'),
    ('000300', 'OP1010', 130, 1.00, '2002-01-01', '2003-02-01'),
    ('000310', 'OP1010', 130, 1.00, '2002-01-01', '2003-02-01'),
    ('000050', 'OP2010', 10, 0.75, '2002-01-01', '2003-02-01'),
    ('000100', 'OP2010', 10, 1.00, '2002-01-01', '2003-02-01'),
    ('000320', 'OP2011', 140, 0.75, '2002-01-01', '2003-02-01'),
    ('000320', 'OP2011', 150, 0.25, '2002-01-01', '2003-02-01'),
    ('000330', 'OP2012', 140, 0.25, '2002-01-01', '2003-02-01'),
    ('000330', 'OP2012', 160, 0.75, '2002-01-01', '2003-02-01'),
    ('000340', 'OP2013', 140, 0.50, '2002-01-01', '2003-02-01'),
    ('000340', 'OP2013', 170, 0.50, '2002-01-01', '2003-02-01'),
    ('000020', 'PL2100', 30, 1.00, '2002-01-01', '2002-09-15');
    
INSERT INTO CUSTOMER (custno, custname, custaddr, contactno, company, cusproj) VALUES
	(1000, 'SILVESTER BILTS', 'FRANKFORT, KENTUCKY', '09292547589', 'KAISER PERMANENTE', 'MA2100'),
	(1010, 'ADAM GRAY', 'RICHMOND, VIRGINIA', '09276582456', 'VERIZON', 'IF1000'),
	(1020, 'JOSEPH JOHN ANDISS', 'AUSTIN, TEXAS', '09374587152', 'COMCAST', 'AD3110'),
	(1030, 'RAY TORNS', 'COLUMBUS, OHIO', '09481256892', 'CITI', 'AD3111'),
	(1040, 'ANDERSON BLISS', 'ALBANY, NEW YORK', '09296548521', 'ACCENTURE', 'AD3111'),
	(1050, 'JONVAN MURRAY', 'LANSING, MICHIGAN', '09361254684', 'LOCKHEED MARTIN', 'MA2110'),
	(1060, 'JAYMISOON JORMAN', 'BOISE, IDAHO', '09164785692', 'NORTHROP', 'OP1010'),
	(1070, 'BRENT MADISSON', 'MONTGOMERY, ALABAMA', '09984589242', 'FEDEX', 'MA2112'),
	(1080, 'DANVER MASON', 'PHOENIX, ARIZONA', '09973235889', 'PWC', 'OP2012'),
	(1090, 'ROBERT NERO', 'DOVER, DELAWARE', '09278752689', 'LOME''S COMPANY', 'PL2100'),
	(1100, 'CLAIRE ABCERDO', 'LINCOLN, NEBRASKA', '09326875942', 'DEUTSCHE TELECOM', 'OP2010'),
	(1110, 'HARRISON PARK', 'MADISON, WISCONSIN', '09297859562', 'ELI LILLY', 'IF2000'),
	(1120, 'ELDEN ALIAO', 'OLYMPIA, WASHINGTON', '09375895246', 'CAPITAL ONE', 'MA2113'),
	(1130, 'GREGORY PECK', 'COLUMBIA, SOUTH CAROLINA', '09674595436', 'TERRA PAK', 'MA2111'),
	(1140, 'FAIRN JANICE MILL', 'SALT LAKE CITY UTAH', '09374852625', 'MEDTRONIC', 'OP2011'),
	(1150, 'LAIRY LARK', 'MONTPELIER-VERMONT', '09489867535', 'EFGI CORP', 'AD3113'),
	(1160, 'MAERSK SHELT', 'CHARLESTON, WEST VIRGINIA', '09273458628', 'SYNCHRONY', 'OP2000'),
	(1170, 'PRONCE DONNAHEY', 'SALEM, OREGON', '09423659547', 'ATLASSIAN', 'OP2013'),
	(1180, 'QUAILLE KAYES', 'JUNEAU, ALASKA', '09368245726', 'VITESCO TECHNO', 'AD3100'),
	(1190, 'THOMY STACS', 'ATLANTA, GEORGIA', '09462457824', 'ONE CENTRAL', 'OP1800');

ALTER TABLE DEPARTMENT 
    ADD FOREIGN KEY(mgrno) REFERENCES EMPLOYEE(empno);

ALTER TABLE EMPLOYEE
    ADD FOREIGN KEY(workdept) REFERENCES DEPARTMENT(deptno);

ALTER TABLE DEPARTMENT 
    ADD FOREIGN KEY(admrdept) REFERENCES DEPARTMENT(deptno);

ALTER TABLE PROJECT
    ADD FOREIGN KEY(respemp) REFERENCES EMPLOYEE(empno);

ALTER TABLE PROJECT
    ADD FOREIGN KEY(deptno) REFERENCES DEPARTMENT(deptno);

ALTER TABLE EMP_ACT
    ADD FOREIGN KEY(empno) REFERENCES EMPLOYEE(empno);

ALTER TABLE EMP_ACT
    ADD FOREIGN KEY(projno) REFERENCES PROJECT(projno);

ALTER TABLE CUSTOMER
    ADD FOREIGN KEY(cusproj) REFERENCES PROJECT(projno);
    
SELECT * FROM DEPARTMENT;
SELECT * FROM EMPLOYEE;
SELECT * FROM PROJECT;
SELECT * FROM EMP_ACT;
SELECT * FROM CUSTOMER;
